{
  "info": {
    "_postman_id": "d1e1b1c2-1234-5678-9101-abcdef123456",
    "name": "Delivery System API",
    "description": "Complete API collection for a production-ready delivery system with authentication, order management, payments, loyalty programs, and admin features. This system supports customers, merchants, drivers, and administrators with comprehensive functionality including real-time tracking, secure payments, and robust business logic.",
    "schema": "https://schema.getpostman.com/json/collection/v2.1.0/collection.json"
  },
  "item": [
    {
      "name": "Auth - Send OTP",
      "description": "🔐 **Authentication: Send OTP**\n\nSends a One-Time Password (OTP) to the specified phone number for authentication. This is the first step in the passwordless authentication flow.\n\n**Features:**\n- Rate limited to 5 requests per hour per phone number\n- Supports multiple delivery channels (SMS, WhatsApp, Telegram, Email)\n- Input sanitization and validation\n- Comprehensive error handling\n\n**Use Cases:**\n- User registration\n- User login\n- Phone number verification\n\n**Required Fields:**\n- `phone`: Valid phone number with country code (e.g., +1234567890)\n- `type`: Delivery method (sms, whatsapp, telegram, email)\n\n**Response:**\n- Success: OTP details with expiration time\n- Error: Rate limit exceeded or validation errors",
      "request": {
        "method": "POST",
        "header": [
          { "key": "Content-Type", "value": "application/json" }
        ],
        "body": {
          "mode": "raw",
          "raw": "{\n  \"phone\": \"+1234567890\"\n}"
        },
        "url": {
          "raw": "{{base_url}}/api/v1/auth/send-otp",
          "host": ["{{base_url}}"],
          "path": ["api", "v1", "auth", "send-otp"]
        }
      }
    },
    {
      "name": "Auth - Verify OTP",
      "description": "✅ **Authentication: Verify OTP**\n\nVerifies the OTP code sent to the user's phone number and returns an authentication token if successful.\n\n**Features:**\n- Rate limited to 10 attempts per hour per phone number\n- Automatic OTP expiration (5 minutes default)\n- Secure token generation using Laravel Sanctum\n- Input sanitization and validation\n\n**Use Cases:**\n- Complete user login process\n- Verify phone number during registration\n- Two-factor authentication\n\n**Required Fields:**\n- `phone`: Phone number that received the OTP\n- `otp`: 6-digit verification code\n\n**Response:**\n- Success: Bearer token for API authentication\n- Error: Invalid OTP, expired code, or rate limit exceeded",
      "request": {
        "method": "POST",
        "header": [
          { "key": "Content-Type", "value": "application/json" }
        ],
        "body": {
          "mode": "raw",
          "raw": "{\n  \"phone\": \"+1234567890\",\n  \"otp\": \"123456\"\n}"
        },
        "url": {
          "raw": "{{base_url}}/api/v1/auth/verify-otp",
          "host": ["{{base_url}}"],
          "path": ["api", "v1", "auth", "verify-otp"]
        }
      }
    },
    {
      "name": "Auth - Register",
      "description": "📝 **Authentication: User Registration**\n\nRegisters a new user in the system after OTP verification. Creates user profile with role-based access control.\n\n**Features:**\n- Multi-role support (regular, merchant, driver, admin)\n- Location-based services integration\n- Input sanitization and validation\n- Automatic wallet creation\n- Profile completeness validation\n\n**User Types:**\n- `regular`: Standard customers\n- `merchant`: Restaurant/store owners\n- `driver`: Delivery personnel\n- `temp`: Temporary/guest users\n\n**Required Fields:**\n- `phone`: Verified phone number\n- `full_name`: User's complete name\n- `user_type`: Role in the system\n- `email`: Valid email address\n- `home_lat/lng`: Location coordinates\n- `home_address`: Physical address\n\n**Response:**\n- Success: User profile with authentication token\n- Error: Validation errors or duplicate registration",
      "request": {
        "method": "POST",
        "header": [
          { "key": "Content-Type", "value": "application/json" }
        ],
        "body": {
          "mode": "raw",
          "raw": "{\n  \"phone\": \"+1234567890\",\n  \"full_name\": \"John Doe\",\n  \"user_type\": \"regular\",\n  \"email\": \"john@example.com\",\n  \"home_lat\": \"40.7128\",\n  \"home_lng\": \"-74.0060\",\n  \"home_address\": \"123 Main St, New York, NY\"\n}"
        },
        "url": {
          "raw": "{{base_url}}/api/v1/auth/register",
          "host": ["{{base_url}}"],
          "path": ["api", "v1", "auth", "register"]
        }
      }
    },
    {
      "name": "Auth - Login (OTP)",
      "description": "🔑 **Authentication: Login with OTP**\n\nAlternative login endpoint using OTP verification. Same as verify-otp but specifically for existing users.\n\n**Features:**\n- Passwordless authentication\n- Secure token generation\n- Session management\n- Device tracking\n\n**Required Fields:**\n- `phone`: Registered phone number\n- `otp`: Valid OTP code\n\n**Response:**\n- Success: Authentication token and user profile\n- Error: Invalid credentials or account issues",
      "request": {
        "method": "POST",
        "header": [
          { "key": "Content-Type", "value": "application/json" }
        ],
        "body": {
          "mode": "raw",
          "raw": "{\n  \"phone\": \"+1234567890\",\n  \"otp\": \"123456\"\n}"
        },
        "url": {
          "raw": "{{base_url}}/api/v1/auth/verify-otp",
          "host": ["{{base_url}}"],
          "path": ["api", "v1", "auth", "verify-otp"]
        }
      }
    },
    {
      "name": "Auth - Me (Get Profile)",
      "description": "👤 **Authentication: Get User Profile**\n\nRetrieves the authenticated user's complete profile information including role-specific data.\n\n**Features:**\n- Secure profile access with token validation\n- Role-based data filtering\n- Real-time profile information\n- Privacy-compliant data handling\n\n**Authentication:**\n- Requires valid Bearer token in Authorization header\n\n**Response Data:**\n- User ID, name, email, phone\n- Role and permissions\n- Location information\n- Account status and settings\n- Wallet balance (if applicable)\n- Statistics (orders, ratings, etc.)\n\n**Use Cases:**\n- Profile page display\n- User verification\n- Role-based UI rendering",
      "request": {
        "method": "GET",
        "header": [
          { "key": "Authorization", "value": "Bearer {{token}}" }
        ],
        "url": {
          "raw": "{{base_url}}/api/v1/auth/me",
          "host": ["{{base_url}}"],
          "path": ["api", "v1", "auth", "me"]
        }
      }
    },
    {
      "name": "Products - List All",
      "request": {
        "method": "GET",
        "url": {
          "raw": "{{base_url}}/api/v1/products",
          "host": ["{{base_url}}"],
          "path": ["api", "v1", "products"]
        }
      }
    },
    {
      "name": "Orders - List My Orders",
      "request": {
        "method": "GET",
        "header": [
          { "key": "Authorization", "value": "Bearer {{token}}" }
        ],
        "url": {
          "raw": "{{base_url}}/api/v1/orders/",
          "host": ["{{base_url}}"],
          "path": ["api", "v1", "orders", ""]
        }
      }
    },
    {
      "name": "Orders - Create New Order",
      "request": {
        "method": "POST",
        "header": [
          { "key": "Authorization", "value": "Bearer {{token}}" },
          { "key": "Content-Type", "value": "application/json" }
        ],
        "body": {
          "mode": "raw",
          "raw": "{\n  \"merchant_id\": 1,\n  \"items\": [{\n    \"product_id\": 1,\n    \"quantity\": 2\n  }],\n  \"delivery_address\": \"123 Main St, New York, NY\",\n  \"notes\": \"Please deliver fast\"\n}"
        },
        "url": {
          "raw": "{{base_url}}/api/v1/orders/",
          "host": ["{{base_url}}"],
          "path": ["api", "v1", "orders", ""]
        }
      }
    },
    {
      "name": "Auth - Logout",
      "request": {
        "method": "POST",
        "header": [
          { "key": "Authorization", "value": "Bearer {{token}}" }
        ],
        "url": {
          "raw": "{{base_url}}/api/v1/auth/logout",
          "host": ["{{base_url}}"],
          "path": ["api", "v1", "auth", "logout"]
        }
      }
    },
    {
      "name": "Auth - Refresh Token",
      "request": {
        "method": "POST",
        "header": [
          { "key": "Authorization", "value": "Bearer {{token}}" }
        ],
        "url": {
          "raw": "{{base_url}}/api/v1/auth/refresh-token",
          "host": ["{{base_url}}"],
          "path": ["api", "v1", "auth", "refresh-token"]
        }
      }
    },
    {
      "name": "Categories - List All",
      "request": {
        "method": "GET",
        "url": {
          "raw": "{{base_url}}/api/v1/categories",
          "host": ["{{base_url}}"],
          "path": ["api", "v1", "categories"]
        }
      }
    },
    {
      "name": "Products - Get Single Product",
      "request": {
        "method": "GET",
        "url": {
          "raw": "{{base_url}}/api/v1/products/{{product_id}}",
          "host": ["{{base_url}}"],
          "path": ["api", "v1", "products", "{{product_id}}"]
        }
      }
    },
    {
      "name": "Products - Search",
      "request": {
        "method": "GET",
        "url": {
          "raw": "{{base_url}}/api/v1/products/search?q={{search_query}}",
          "host": ["{{base_url}}"],
          "path": ["api", "v1", "products", "search"],
          "query": [
            { "key": "q", "value": "{{search_query}}" }
          ]
        }
      }
    },
    {
      "name": "Merchants - List All",
      "request": {
        "method": "GET",
        "url": {
          "raw": "{{base_url}}/api/v1/merchants",
          "host": ["{{base_url}}"],
          "path": ["api", "v1", "merchants"]
        }
      }
    },
    {
      "name": "User - Get Profile",
      "request": {
        "method": "GET",
        "header": [
          { "key": "Authorization", "value": "Bearer {{token}}" }
        ],
        "url": {
          "raw": "{{base_url}}/api/v1/user/profile",
          "host": ["{{base_url}}"],
          "path": ["api", "v1", "user", "profile"]
        }
      }
    },
    {
      "name": "User - Update Profile",
      "request": {
        "method": "PUT",
        "header": [
          { "key": "Authorization", "value": "Bearer {{token}}" },
          { "key": "Content-Type", "value": "application/json" }
        ],
        "body": {
          "mode": "raw",
          "raw": "{\n  \"full_name\": \"John Doe\",\n  \"email\": \"john@example.com\",\n  \"home_address\": \"123 Main St, New York, NY\"\n}"
        },
        "url": {
          "raw": "{{base_url}}/api/v1/user/profile",
          "host": ["{{base_url}}"],
          "path": ["api", "v1", "user", "profile"]
        }
      }
    },
    {
      "name": "User - Update Location",
      "request": {
        "method": "PUT",
        "header": [
          { "key": "Authorization", "value": "Bearer {{token}}" },
          { "key": "Content-Type", "value": "application/json" }
        ],
        "body": {
          "mode": "raw",
          "raw": "{\n  \"lat\": \"40.7128\",\n  \"lng\": \"-74.0060\",\n  \"address\": \"123 Main St, New York, NY\"\n}"
        },
        "url": {
          "raw": "{{base_url}}/api/v1/user/profile/location",
          "host": ["{{base_url}}"],
          "path": ["api", "v1", "user", "profile", "location"]
        }
      }
    },
    {
      "name": "Orders - Get Single Order",
      "request": {
        "method": "GET",
        "header": [
          { "key": "Authorization", "value": "Bearer {{token}}" }
        ],
        "url": {
          "raw": "{{base_url}}/api/v1/orders/{{order_id}}",
          "host": ["{{base_url}}"],
          "path": ["api", "v1", "orders", "{{order_id}}"]
        }
      }
    },
    {
      "name": "Orders - Update Status",
      "request": {
        "method": "PUT",
        "header": [
          { "key": "Authorization", "value": "Bearer {{token}}" },
          { "key": "Content-Type", "value": "application/json" }
        ],
        "body": {
          "mode": "raw",
          "raw": "{\n  \"status\": \"confirmed\"\n}"
        },
        "url": {
          "raw": "{{base_url}}/api/v1/orders/{{order_id}}/status",
          "host": ["{{base_url}}"],
          "path": ["api", "v1", "orders", "{{order_id}}", "status"]
        }
      }
    },
    {
      "name": "Orders - Cancel Order",
      "request": {
        "method": "POST",
        "header": [
          { "key": "Authorization", "value": "Bearer {{token}}" },
          { "key": "Content-Type", "value": "application/json" }
        ],
        "body": {
          "mode": "raw",
          "raw": "{\n  \"reason\": \"Customer requested cancellation\"\n}"
        },
        "url": {
          "raw": "{{base_url}}/api/v1/orders/{{order_id}}/cancel",
          "host": ["{{base_url}}"],
          "path": ["api", "v1", "orders", "{{order_id}}", "cancel"]
        }
      }
    },
    {
      "name": "Wallet - Get Balance",
      "request": {
        "method": "GET",
        "header": [
          { "key": "Authorization", "value": "Bearer {{token}}" }
        ],
        "url": {
          "raw": "{{base_url}}/api/v1/wallet/",
          "host": ["{{base_url}}"],
          "path": ["api", "v1", "wallet", ""]
        }
      }
    },
    {
      "name": "Wallet - Top Up",
      "request": {
        "method": "POST",
        "header": [
          { "key": "Authorization", "value": "Bearer {{token}}" },
          { "key": "Content-Type", "value": "application/json" }
        ],
        "body": {
          "mode": "raw",
          "raw": "{\n  \"amount\": 50.00,\n  \"payment_method\": \"stripe\",\n  \"payment_token\": \"tok_visa\"\n}"
        },
        "url": {
          "raw": "{{base_url}}/api/v1/wallet/topup",
          "host": ["{{base_url}}"],
          "path": ["api", "v1", "wallet", "topup"]
        }
      }
    },
    {
      "name": "Wallet - Get Transactions",
      "request": {
        "method": "GET",
        "header": [
          { "key": "Authorization", "value": "Bearer {{token}}" }
        ],
        "url": {
          "raw": "{{base_url}}/api/v1/wallet/transactions",
          "host": ["{{base_url}}"],
          "path": ["api", "v1", "wallet", "transactions"]
        }
      }
    },
    {
      "name": "Loyalty - Get Points",
      "request": {
        "method": "GET",
        "header": [
          { "key": "Authorization", "value": "Bearer {{token}}" }
        ],
        "url": {
          "raw": "{{base_url}}/api/v1/loyalty/points",
          "host": ["{{base_url}}"],
          "path": ["api", "v1", "loyalty", "points"]
        }
      }
    },
    {
      "name": "Loyalty - Redeem Points",
      "request": {
        "method": "POST",
        "header": [
          { "key": "Authorization", "value": "Bearer {{token}}" },
          { "key": "Content-Type", "value": "application/json" }
        ],
        "body": {
          "mode": "raw",
          "raw": "{\n  \"points\": 100,\n  \"reward_id\": 1\n}"
        },
        "url": {
          "raw": "{{base_url}}/api/v1/loyalty/redeem",
          "host": ["{{base_url}}"],
          "path": ["api", "v1", "loyalty", "redeem"]
        }
      }
    },
    {
      "name": "Ratings - Create Rating",
      "request": {
        "method": "POST",
        "header": [
          { "key": "Authorization", "value": "Bearer {{token}}" },
          { "key": "Content-Type", "value": "application/json" }
        ],
        "body": {
          "mode": "raw",
          "raw": "{\n  \"order_id\": 1,\n  \"rating\": 5,\n  \"comment\": \"Excellent service!\"\n}"
        },
        "url": {
          "raw": "{{base_url}}/api/v1/ratings/",
          "host": ["{{base_url}}"],
          "path": ["api", "v1", "ratings", ""]
        }
      }
    },
    {
      "name": "Complaints - List My Complaints",
      "request": {
        "method": "GET",
        "header": [
          { "key": "Authorization", "value": "Bearer {{token}}" }
        ],
        "url": {
          "raw": "{{base_url}}/api/v1/complaints/",
          "host": ["{{base_url}}"],
          "path": ["api", "v1", "complaints", ""]
        }
      }
    },
    {
      "name": "Complaints - Create Complaint",
      "request": {
        "method": "POST",
        "header": [
          { "key": "Authorization", "value": "Bearer {{token}}" },
          { "key": "Content-Type", "value": "application/json" }
        ],
        "body": {
          "mode": "raw",
          "raw": "{\n  \"order_id\": 1,\n  \"type\": \"delivery_issue\",\n  \"description\": \"Order was delivered late\"\n}"
        },
        "url": {
          "raw": "{{base_url}}/api/v1/complaints/",
          "host": ["{{base_url}}"],
          "path": ["api", "v1", "complaints", ""]
        }
      }
    },
    {
      "name": "Driver - Go Online",
      "request": {
        "method": "POST",
        "header": [
          { "key": "Authorization", "value": "Bearer {{token}}" }
        ],
        "url": {
          "raw": "{{base_url}}/api/v1/driver/online",
          "host": ["{{base_url}}"],
          "path": ["api", "v1", "driver", "online"]
        }
      }
    },
    {
      "name": "Driver - Get Available Orders",
      "request": {
        "method": "GET",
        "header": [
          { "key": "Authorization", "value": "Bearer {{token}}" }
        ],
        "url": {
          "raw": "{{base_url}}/api/v1/driver/orders",
          "host": ["{{base_url}}"],
          "path": ["api", "v1", "driver", "orders"]
        }
      }
    },
    {
      "name": "Driver - Accept Order",
      "request": {
        "method": "POST",
        "header": [
          { "key": "Authorization", "value": "Bearer {{token}}" }
        ],
        "url": {
          "raw": "{{base_url}}/api/v1/driver/orders/{{order_id}}/accept",
          "host": ["{{base_url}}"],
          "path": ["api", "v1", "driver", "orders", "{{order_id}}", "accept"]
        }
      }
    },
    {
      "name": "Driver - Update Location",
      "request": {
        "method": "PUT",
        "header": [
          { "key": "Authorization", "value": "Bearer {{token}}" },
          { "key": "Content-Type", "value": "application/json" }
        ],
        "body": {
          "mode": "raw",
          "raw": "{\n  \"lat\": \"40.7128\",\n  \"lng\": \"-74.0060\"\n}"
        },
        "url": {
          "raw": "{{base_url}}/api/v1/driver/location",
          "host": ["{{base_url}}"],
          "path": ["api", "v1", "driver", "location"]
        }
      }
    },
    {
      "name": "Merchant - Get Orders",
      "request": {
        "method": "GET",
        "header": [
          { "key": "Authorization", "value": "Bearer {{token}}" }
        ],
        "url": {
          "raw": "{{base_url}}/api/v1/merchant/orders",
          "host": ["{{base_url}}"],
          "path": ["api", "v1", "merchant", "orders"]
        }
      }
    },
    {
      "name": "Merchant - Accept Order",
      "request": {
        "method": "POST",
        "header": [
          { "key": "Authorization", "value": "Bearer {{token}}" },
          { "key": "Content-Type", "value": "application/json" }
        ],
        "body": {
          "mode": "raw",
          "raw": "{\n  \"estimated_preparation_time\": 30\n}"
        },
        "url": {
          "raw": "{{base_url}}/api/v1/merchant/orders/{{order_id}}/accept",
          "host": ["{{base_url}}"],
          "path": ["api", "v1", "merchant", "orders", "{{order_id}}", "accept"]
        }
      }
    },
    {
      "name": "Products - Create Product (Merchant)",
      "request": {
        "method": "POST",
        "header": [
          { "key": "Authorization", "value": "Bearer {{token}}" },
          { "key": "Content-Type", "value": "application/json" }
        ],
        "body": {
          "mode": "raw",
          "raw": "{\n  \"name\": \"Delicious Pizza\",\n  \"description\": \"Fresh ingredients, crispy crust\",\n  \"price\": 15.99,\n  \"category_id\": 1,\n  \"is_available\": true\n}"
        },
        "url": {
          "raw": "{{base_url}}/api/v1/products/",
          "host": ["{{base_url}}"],
          "path": ["api", "v1", "products", ""]
        }
      }
    },
    {
      "name": "Admin - Dashboard",
      "request": {
        "method": "GET",
        "header": [
          { "key": "Authorization", "value": "Bearer {{token}}" }
        ],
        "url": {
          "raw": "{{base_url}}/api/v1/admin/dashboard",
          "host": ["{{base_url}}"],
          "path": ["api", "v1", "admin", "dashboard"]
        }
      }
    },
    {
      "name": "Admin - Get All Users",
      "request": {
        "method": "GET",
        "header": [
          { "key": "Authorization", "value": "Bearer {{token}}" }
        ],
        "url": {
          "raw": "{{base_url}}/api/v1/admin/users",
          "host": ["{{base_url}}"],
          "path": ["api", "v1", "admin", "users"]
        }
      }
    }
  ],
  "variable": [
    { "key": "base_url", "value": "http://127.0.0.1:8000" },
    { "key": "token", "value": "" },
    { "key": "product_id", "value": "1" },
    { "key": "order_id", "value": "1" },
    { "key": "search_query", "value": "pizza" }
  ]
}
